eventName,eventVersion,goldenTicket,playDuration,playTime,playerID,score,silverTicket,stars,timestamp,durationPerPlay,freePerTicket,silverPerTicket,goldenPerTicket
game_matchFishLeaderboard3,154,121,8828,121,A74935589B45D2D8,1297100,0,35510,19/05/2022,72.96,0,0,293.47
game_matchFishLeaderboard3,154,99,7599,99,8974E5E4C6574E6A,1072350,0,28632,19/05/2022,76.76,0,0,289.21
game_matchFishLeaderboard3,154,93,7294,93,6CD1E5CE80175949,1013300,0,27444,19/05/2022,78.43,0,0,295.1
game_matchFishLeaderboard3,154,77,6051,77,D339CE552961B960,751900,0,19702,19/05/2022,78.58,0,0,255.87
game_matchFishLeaderboard3,154,58,4123,58,4B145F3FF2EBFBA8,631850,0,17052,19/05/2022,71.09,0,0,294.0
game_matchFishLeaderboard3,154,38,2665,38,618C15FC1137DECF,402800,0,10183,19/05/2022,70.13,0,0,267.97
game_matchFishLeaderboard3,154,27,1813,27,EEB0AD4C1B15A390,294250,0,7977,19/05/2022,67.15,0,0,295.44
game_matchFishLeaderboard3,154,27,1792,27,5F0722C1224D98C5,293950,0,7758,19/05/2022,66.37,0,0,287.33
game_matchFishLeaderboard3,154,26,2057,26,E27F711748F9FDCD,283250,0,7681,19/05/2022,79.12,0,0,295.42
game_matchFishLeaderboard3,154,26,1824,26,AEDA3BFE7BB9E39,283200,0,7622,19/05/2022,70.15,0,0,293.15
game_matchFishLeaderboard3,154,20,1473,20,89688A56C8A5DED0,218000,0,5961,19/05/2022,73.65,0,0,298.05
game_matchFishLeaderboard3,154,18,1193,18,3FB7FEFAB2E1F195,174350,0,4725,19/05/2022,66.28,0,0,262.5
game_matchFishLeaderboard3,154,20,1159,20,67EA176BEC32798F,185050,0,4616,19/05/2022,57.95,0,0,230.8
game_matchFishLeaderboard3,154,15,1084,15,D1AB751DFC2BD4AA,163450,0,4217,19/05/2022,72.27,0,0,281.13
game_matchFishLeaderboard3,154,14,960,14,90CC6AD32F094B3,152250,0,3737,19/05/2022,68.57,0,0,266.93
game_matchFishLeaderboard3,154,12,994,12,31E868B38B815DA3,130700,0,3265,19/05/2022,82.83,0,0,272.08
game_matchFishLeaderboard3,154,11,739,11,5741F06A9B2B2D47,119700,0,3168,19/05/2022,67.18,0,0,288.0
game_matchFishLeaderboard3,154,9,661,9,56F59617D5D45823,98450,0,2440,19/05/2022,73.44,0,0,271.11
game_matchFishLeaderboard3,154,9,688,9,5C44F09C943601BC,87200,0,2282,19/05/2022,76.44,0,0,253.56
game_matchFishLeaderboard3,154,8,637,8,D3FAF1E840454167,87100,0,2187,19/05/2022,79.63,0,0,273.38
game_matchFishLeaderboard3,154,10,673,10,13CB054489911E3D,87200,0,2147,19/05/2022,67.3,0,0,214.7
game_matchFishLeaderboard3,154,7,464,7,3EF9C8DBD1BB4D21,76300,0,2100,19/05/2022,66.29,0,0,300.0
game_matchFishLeaderboard3,154,7,499,7,7DC32DC9FC8C2F34,76300,0,2095,19/05/2022,71.29,0,0,299.29
game_matchFishLeaderboard3,154,7,478,7,5C69A39C9A1EC321,76300,0,2088,19/05/2022,68.29,0,0,298.29
game_matchFishLeaderboard3,154,7,540,7,CC66F510CA14DA79,76300,0,2052,19/05/2022,77.14,0,0,293.14
game_matchFishLeaderboard3,154,9,615,9,E18B895553A7946B,86350,0,2009,19/05/2022,68.33,0,0,223.22
game_matchFishLeaderboard3,154,7,533,7,662FC440FE050801,76200,0,1976,19/05/2022,76.14,0,0,282.29
game_matchFishLeaderboard3,154,7,463,7,6E417BDD3DA168B,76200,0,1935,19/05/2022,66.14,0,0,276.43
game_matchFishLeaderboard3,154,6,403,6,48AB52C70AB3B95C,65400,0,1809,19/05/2022,67.17,0,0,301.5
game_matchFishLeaderboard3,154,6,436,6,31D1C6B347E59B56,65400,0,1786,19/05/2022,72.67,0,0,297.67
game_matchFishLeaderboard3,154,6,436,6,A4BE2BD179012C0E,65400,0,1783,19/05/2022,72.67,0,0,297.17
game_matchFishLeaderboard3,154,9,504,9,5662AA5D74CC4949,76000,0,1760,19/05/2022,56.0,0,0,195.56
game_matchFishLeaderboard3,154,6,412,6,BDE74C38491B006,65400,0,1755,19/05/2022,68.67,0,0,292.5
game_matchFishLeaderboard3,154,6,448,6,FCA63D862D46E4BB,65400,0,1746,19/05/2022,74.67,0,0,291.0
game_matchFishLeaderboard3,154,6,404,6,FDB227765FE6B6DF,65550,0,1727,19/05/2022,67.33,0,0,287.83
game_matchFishLeaderboard3,154,6,460,6,691057B97B86FAEA,65300,0,1727,19/05/2022,76.67,0,0,287.83
game_matchFishLeaderboard3,154,6,409,6,F71E5FD8D23EDCE7,65300,0,1679,19/05/2022,68.17,0,0,279.83
game_matchFishLeaderboard3,154,6,494,6,75C3427FA6C4C4,64350,0,1671,19/05/2022,82.33,0,0,278.5
game_matchFishLeaderboard3,154,10,564,10,DDECC667FA281075,65400,0,1654,19/05/2022,56.4,0,0,165.4
game_matchFishLeaderboard3,154,6,407,6,B35170BD1EB37487,65300,0,1624,19/05/2022,67.83,0,0,270.67
game_matchFishLeaderboard3,154,5,346,5,396C9CDC1B567196,54500,0,1506,19/05/2022,69.2,0,0,301.2
game_matchFishLeaderboard3,154,5,374,5,2E198346A19FFAB8,54500,0,1481,19/05/2022,74.8,0,0,296.2
game_matchFishLeaderboard3,154,5,371,5,E92153956FDDF1EC,54500,0,1480,19/05/2022,74.2,0,0,296.0
game_matchFishLeaderboard3,154,5,356,5,4E9D26A9BA4DE75B,54500,0,1448,19/05/2022,71.2,0,0,289.6
game_matchFishLeaderboard3,154,5,379,5,7F0FA738E49C048C,54500,0,1417,19/05/2022,75.8,0,0,283.4
game_matchFishLeaderboard3,154,5,351,5,2E1AFEA5A7A4EBFB,54500,0,1402,19/05/2022,70.2,0,0,280.4
game_matchFishLeaderboard3,154,5,462,5,44C37BCD42D51CD5,54500,0,1398,19/05/2022,92.4,0,0,279.6
game_matchFishLeaderboard3,154,5,391,5,5DE554AE300A5238,54500,0,1388,19/05/2022,78.2,0,0,277.6
game_matchFishLeaderboard3,154,5,379,5,E57540E8531D13E8,54400,0,1383,19/05/2022,75.8,0,0,276.6
game_matchFishLeaderboard3,154,9,481,9,7C2ACB6585EED908,54500,0,1372,19/05/2022,53.44,0,0,152.44
game_matchFishLeaderboard3,154,6,348,6,269931AF19B6B023,54400,0,1366,19/05/2022,58.0,0,0,227.67
game_matchFishLeaderboard3,154,7,393,7,5C19AEB844A34AD6,54400,0,1364,19/05/2022,56.14,0,0,194.86
game_matchFishLeaderboard3,154,4,271,4,9303498DC3A813DB,43600,0,1215,19/05/2022,67.75,0,0,303.75
game_matchFishLeaderboard3,154,4,299,4,B89AD7687CC37C64,43600,0,1207,19/05/2022,74.75,0,0,301.75
game_matchFishLeaderboard3,154,6,593,6,20E63D1096801BE1,52850,0,1204,19/05/2022,98.83,0,0,200.67
game_matchFishLeaderboard3,154,4,292,4,BC67C2F91F2A89F3,43600,0,1199,19/05/2022,73.0,0,0,299.75
game_matchFishLeaderboard3,154,4,279,4,5A95EC3232A1D863,43600,0,1198,19/05/2022,69.75,0,0,299.5
game_matchFishLeaderboard3,154,4,270,4,C32C6C0A8D44C57C,43600,0,1198,19/05/2022,67.5,0,0,299.5
game_matchFishLeaderboard3,154,5,293,5,27FB37321A779FEB,43600,0,1180,19/05/2022,58.6,0,0,236.0
game_matchFishLeaderboard3,154,4,302,4,5E5E5A6FE3D589C1,43600,0,1158,19/05/2022,75.5,0,0,289.5
game_matchFishLeaderboard3,154,4,319,4,FABB61D13F914CD1,43600,0,1156,19/05/2022,79.75,0,0,289.0
game_matchFishLeaderboard3,154,4,281,4,A7284790608E87D8,43600,0,1140,19/05/2022,70.25,0,0,285.0
game_matchFishLeaderboard3,154,4,285,4,BAAE93DA1B5B0C76,43500,0,1125,19/05/2022,71.25,0,0,281.25
game_matchFishLeaderboard3,154,4,268,4,2AE0FF284CB357D4,43500,0,1124,19/05/2022,67.0,0,0,281.0
game_matchFishLeaderboard3,154,4,256,4,753A62EB0B38C09C,43500,0,1111,19/05/2022,64.0,0,0,277.75
game_matchFishLeaderboard3,154,4,387,4,6B4D3C8C8CDD95A2,43500,0,1069,19/05/2022,96.75,0,0,267.25
game_matchFishLeaderboard3,154,4,256,4,8C26A15605FB72A1,43400,0,1067,19/05/2022,64.0,0,0,266.75
game_matchFishLeaderboard3,154,6,317,6,9819D5BBBA395D1A,43750,0,1063,19/05/2022,52.83,0,0,177.17
game_matchFishLeaderboard3,154,4,330,4,C74C8ABF10748E0A,43600,0,1057,19/05/2022,82.5,0,0,264.25
game_matchFishLeaderboard3,154,4,385,4,486531A849400CFF,43550,0,1054,19/05/2022,96.25,0,0,263.5
game_matchFishLeaderboard3,154,4,264,4,9DC3B9CB316FC999,43550,0,1029,19/05/2022,66.0,0,0,257.25
game_matchFishLeaderboard3,154,4,293,4,1716AA56C232A7D4,41050,0,977,19/05/2022,73.25,0,0,244.25
game_matchFishLeaderboard3,154,6,435,6,11E33E26A622A6FB,64900,0,967,19/05/2022,72.5,0,0,161.17
game_matchFishLeaderboard3,154,3,221,3,A3B6ABAF2188C1AF,32700,0,902,19/05/2022,73.67,0,0,300.67
game_matchFishLeaderboard3,154,3,211,3,242E9E5E54FD8E88,32700,0,898,19/05/2022,70.33,0,0,299.33
game_matchFishLeaderboard3,154,3,210,3,B870E169E908AD24,32700,0,896,19/05/2022,70.0,0,0,298.67
game_matchFishLeaderboard3,154,3,197,3,489F73F4DA3D33B9,32700,0,895,19/05/2022,65.67,0,0,298.33
game_matchFishLeaderboard3,154,3,228,3,AA80F7C9297F7EEA,32700,0,891,19/05/2022,76.0,0,0,297.0
game_matchFishLeaderboard3,154,3,204,3,4EC02403BF9A18CD,32700,0,889,19/05/2022,68.0,0,0,296.33
game_matchFishLeaderboard3,154,3,259,3,E9C1D2120202D730,32700,0,884,19/05/2022,86.33,0,0,294.67
game_matchFishLeaderboard3,154,3,204,3,13A0344FD580F728,32700,0,883,19/05/2022,68.0,0,0,294.33
game_matchFishLeaderboard3,154,4,216,4,517610EB07056A27,32700,0,877,19/05/2022,54.0,0,0,219.25
game_matchFishLeaderboard3,154,3,244,3,73888B4375AB7DA7,32700,0,873,19/05/2022,81.33,0,0,291.0
game_matchFishLeaderboard3,154,3,214,3,98231753AA4762B0,32700,0,871,19/05/2022,71.33,0,0,290.33
game_matchFishLeaderboard3,154,3,200,3,856AFFBA5448D76,32700,0,870,19/05/2022,66.67,0,0,290.0
game_matchFishLeaderboard3,154,3,232,3,4D80281CC1D27D84,32700,0,868,19/05/2022,77.33,0,0,289.33
game_matchFishLeaderboard3,154,3,233,3,D8B1A65188ECFCE7,32700,0,868,19/05/2022,77.67,0,0,289.33
game_matchFishLeaderboard3,154,3,235,3,77CB0D0D7DCCAEB2,32700,0,867,19/05/2022,78.33,0,0,289.0
game_matchFishLeaderboard3,154,3,215,3,56DDF02494330BDA,32700,0,854,19/05/2022,71.67,0,0,284.67
game_matchFishLeaderboard3,154,4,245,4,C2EFCD21E7494B5D,32700,0,849,19/05/2022,61.25,0,0,212.25
game_matchFishLeaderboard3,154,3,275,3,16EC7E1D45DA1650,32700,0,847,19/05/2022,91.67,0,0,282.33
game_matchFishLeaderboard3,154,3,243,3,A1B6CEBE1EB92711,32700,0,837,19/05/2022,81.0,0,0,279.0
game_matchFishLeaderboard3,154,3,259,3,12273FA3768FE0A1,32700,0,829,19/05/2022,86.33,0,0,276.33
game_matchFishLeaderboard3,154,3,200,3,C1B7546DA8916C9D,32600,0,828,19/05/2022,66.67,0,0,276.0
game_matchFishLeaderboard3,154,3,216,3,81344F48848A099E,32600,0,823,19/05/2022,72.0,0,0,274.33
game_matchFishLeaderboard3,154,3,259,3,1E188B7CEC4FDC26,32700,0,807,19/05/2022,86.33,0,0,269.0
game_matchFishLeaderboard3,154,3,199,3,1A3868A54AC2D82D,32600,0,805,19/05/2022,66.33,0,0,268.33
game_matchFishLeaderboard3,154,4,212,4,A7FEF1970A75F56C,32600,0,801,19/05/2022,53.0,0,0,200.25
game_matchFishLeaderboard3,154,6,256,6,B3B1D710C831BCC3,32650,0,785,19/05/2022,42.67,0,0,130.83
game_matchFishLeaderboard3,154,3,212,3,A7BBB9E69881E87,32600,0,785,19/05/2022,70.67,0,0,261.67
game_matchFishLeaderboard3,154,3,274,3,FAC295B7956CAE75,32600,0,782,19/05/2022,91.33,0,0,260.67
game_matchFishLeaderboard3,154,3,192,3,4CBCFFB0F5C234D1,32500,0,756,19/05/2022,64.0,0,0,252.0
game_matchFishLeaderboard3,154,6,247,6,2126A79CC48343AF,32600,0,721,19/05/2022,41.17,0,0,120.17
game_matchFishLeaderboard3,154,7,294,7,992BD74A719A0A8E,36950,0,714,19/05/2022,42.0,0,0,102.0
game_matchFishLeaderboard3,154,3,188,3,6740620D5BD33B89,29000,0,676,19/05/2022,62.67,0,0,225.33
game_matchFishLeaderboard3,154,3,207,3,85828C6ECEDD9FB8,30850,0,670,19/05/2022,69.0,0,0,223.33
game_matchFishLeaderboard3,154,6,314,6,A0D206276DEC74F,41100,0,664,19/05/2022,52.33,0,0,110.67
game_matchFishLeaderboard3,154,2,133,2,251DC7C4AB85D54C,21800,0,600,19/05/2022,66.5,0,0,300.0
game_matchFishLeaderboard3,154,2,139,2,395869DC3A51CF3B,21800,0,600,19/05/2022,69.5,0,0,300.0
game_matchFishLeaderboard3,154,2,135,2,209B3BA2226AFAE4,21800,0,598,19/05/2022,67.5,0,0,299.0
game_matchFishLeaderboard3,154,2,137,2,AC4E10650FE793E1,21800,0,597,19/05/2022,68.5,0,0,298.5
game_matchFishLeaderboard3,154,2,136,2,B7489D6E53777052,21800,0,597,19/05/2022,68.0,0,0,298.5
game_matchFishLeaderboard3,154,2,146,2,5F1ED0F00059C803,21800,0,593,19/05/2022,73.0,0,0,296.5
game_matchFishLeaderboard3,154,2,134,2,A9A9CDEF0E1804CB,21800,0,590,19/05/2022,67.0,0,0,295.0
game_matchFishLeaderboard3,154,3,180,3,B8ED0A7129DFF225,21800,0,590,19/05/2022,60.0,0,0,196.67
game_matchFishLeaderboard3,154,2,144,2,B16023EAF4A8180E,21800,0,589,19/05/2022,72.0,0,0,294.5
game_matchFishLeaderboard3,154,2,150,2,55A2571E9BC15C23,21800,0,588,19/05/2022,75.0,0,0,294.0
game_matchFishLeaderboard3,154,2,145,2,2778409E8A6FE077,21800,0,585,19/05/2022,72.5,0,0,292.5
game_matchFishLeaderboard3,154,2,147,2,CDB130606A7442D2,21800,0,585,19/05/2022,73.5,0,0,292.5
game_matchFishLeaderboard3,154,2,153,2,CFFF712423BEDB25,21800,0,585,19/05/2022,76.5,0,0,292.5
game_matchFishLeaderboard3,154,2,162,2,72347016D34623FF,21800,0,582,19/05/2022,81.0,0,0,291.0
game_matchFishLeaderboard3,154,2,145,2,BDFB456507C95773,21800,0,582,19/05/2022,72.5,0,0,291.0
game_matchFishLeaderboard3,154,2,168,2,1D1DC5203C38EF0B,21800,0,581,19/05/2022,84.0,0,0,290.5
game_matchFishLeaderboard3,154,2,148,2,431310833B7EC84C,21800,0,580,19/05/2022,74.0,0,0,290.0
game_matchFishLeaderboard3,154,2,149,2,5F1FD32D617D2318,21800,0,580,19/05/2022,74.5,0,0,290.0
game_matchFishLeaderboard3,154,2,162,2,B567B243C821CE70,21800,0,577,19/05/2022,81.0,0,0,288.5
game_matchFishLeaderboard3,154,2,151,2,6A0E0312BE0983F3,21800,0,576,19/05/2022,75.5,0,0,288.0
game_matchFishLeaderboard3,154,2,153,2,64ADAE9C30DD7B41,21800,0,573,19/05/2022,76.5,0,0,286.5
game_matchFishLeaderboard3,154,2,156,2,F11FED146457B969,21800,0,572,19/05/2022,78.0,0,0,286.0
game_matchFishLeaderboard3,154,2,142,2,A6FEF20702B8898A,21800,0,571,19/05/2022,71.0,0,0,285.5
game_matchFishLeaderboard3,154,2,159,2,F674E433F9271768,21800,0,570,19/05/2022,79.5,0,0,285.0
game_matchFishLeaderboard3,154,6,440,6,7DCEB452B662E0A1,43500,0,569,19/05/2022,73.33,0,0,94.83
game_matchFishLeaderboard3,154,2,149,2,AF7111CAFA6A092B,21800,0,569,19/05/2022,74.5,0,0,284.5
game_matchFishLeaderboard3,154,2,142,2,D45200824E7525C2,21800,0,567,19/05/2022,71.0,0,0,283.5
game_matchFishLeaderboard3,154,3,155,3,E2C679110412CB00,21800,0,567,19/05/2022,51.67,0,0,189.0
game_matchFishLeaderboard3,154,2,151,2,78448515777AD46F,21800,0,566,19/05/2022,75.5,0,0,283.0
game_matchFishLeaderboard3,154,2,142,2,4CDEE3DA1BBAF1FC,21800,0,565,19/05/2022,71.0,0,0,282.5
game_matchFishLeaderboard3,154,3,159,3,C800106469B7548A,21800,0,562,19/05/2022,53.0,0,0,187.33
game_matchFishLeaderboard3,154,2,145,2,61EE6D470EFA7AC6,21800,0,559,19/05/2022,72.5,0,0,279.5
game_matchFishLeaderboard3,154,2,161,2,3D31072ECE161299,21800,0,555,19/05/2022,80.5,0,0,277.5
game_matchFishLeaderboard3,154,3,166,3,D8C82F5B5B9A1F96,21800,0,555,19/05/2022,55.33,0,0,185.0
game_matchFishLeaderboard3,154,2,211,2,F81AE8DDA39AF072,21800,0,553,19/05/2022,105.5,0,0,276.5
game_matchFishLeaderboard3,154,2,163,2,F394C4611E824097,21800,0,539,19/05/2022,81.5,0,0,269.5
game_matchFishLeaderboard3,154,3,189,3,A180EF6E0A9480D3,21800,0,538,19/05/2022,63.0,0,0,179.33
game_matchFishLeaderboard3,154,3,162,3,21E1C4BA4EF2E880,21800,0,537,19/05/2022,54.0,0,0,179.0
game_matchFishLeaderboard3,154,2,211,2,4FA8012847619C0,21800,0,537,19/05/2022,105.5,0,0,268.5
game_matchFishLeaderboard3,154,2,132,2,2A008C43B4839BF7,21700,0,536,19/05/2022,66.0,0,0,268.0
game_matchFishLeaderboard3,154,5,180,5,4277B6C30CCDFA0C,21800,0,531,19/05/2022,36.0,0,0,106.2
game_matchFishLeaderboard3,154,2,187,2,D7FFF68DE4F06612,21800,0,527,19/05/2022,93.5,0,0,263.5
game_matchFishLeaderboard3,154,3,209,3,1C282455E1B4892,31250,0,522,19/05/2022,69.67,0,0,174.0
game_matchFishLeaderboard3,154,2,134,2,7F0F8054C946F28E,21750,0,522,19/05/2022,67.0,0,0,261.0
game_matchFishLeaderboard3,154,2,141,2,637971BA368FDE41,21700,0,522,19/05/2022,70.5,0,0,261.0
game_matchFishLeaderboard3,154,2,130,2,9AF7D0546B19EC48,21950,0,521,19/05/2022,65.0,0,0,260.5
game_matchFishLeaderboard3,154,2,123,2,2B51C4ADB13CA48F,21700,0,521,19/05/2022,61.5,0,0,260.5
game_matchFishLeaderboard3,154,2,130,2,1BEC4AD9310232D9,21700,0,518,19/05/2022,65.0,0,0,259.0
game_matchFishLeaderboard3,154,2,123,2,36D194E381F202CA,21800,0,512,19/05/2022,61.5,0,0,256.0
game_matchFishLeaderboard3,154,2,136,2,121FF0F6C23352D6,21700,0,512,19/05/2022,68.0,0,0,256.0
game_matchFishLeaderboard3,154,3,187,3,B76B849D01276556,32550,0,501,19/05/2022,62.33,0,0,167.0
game_matchFishLeaderboard3,154,2,138,2,12F20BFF6E573F64,21700,0,492,19/05/2022,69.0,0,0,246.0
game_matchFishLeaderboard3,154,2,148,2,64A5134FC8F166A3,21950,0,486,19/05/2022,74.0,0,0,243.0
game_matchFishLeaderboard3,154,4,170,4,DF7A72C0A3528C3,21750,0,471,19/05/2022,42.5,0,0,117.75
game_matchFishLeaderboard3,154,2,118,2,5C55B830389E12A2,21650,0,461,19/05/2022,59.0,0,0,230.5
game_matchFishLeaderboard3,154,2,135,2,3C533E87F145F915,19250,0,447,19/05/2022,67.5,0,0,223.5
game_matchFishLeaderboard3,154,3,205,3,BAD7EB5756AE2B6F,21800,0,408,19/05/2022,68.33,0,0,136.0
game_matchFishLeaderboard3,154,5,225,5,CE4EB0219BAFDE4C,18200,0,397,19/05/2022,45.0,0,0,79.4
game_matchFishLeaderboard3,154,5,222,5,BF677988A5BC8B1F,24650,0,393,19/05/2022,44.4,0,0,78.6
game_matchFishLeaderboard3,154,6,157,6,70DD4E84ECB517F5,17450,0,337,19/05/2022,26.17,0,0,56.17
game_matchFishLeaderboard3,154,4,134,4,5F2FFC9EA2052022,16500,0,337,19/05/2022,33.5,0,0,84.25
game_matchFishLeaderboard3,154,3,120,3,54F9598C48987727,20450,0,318,19/05/2022,40.0,0,0,106.0
game_matchFishLeaderboard3,154,1,66,1,60F2E6239C88CBF9,10900,0,306,19/05/2022,66.0,0,0,306.0
game_matchFishLeaderboard3,154,1,69,1,213352633F8E5EAA,10900,0,304,19/05/2022,69.0,0,0,304.0
game_matchFishLeaderboard3,154,1,68,1,8C598B68C94B2357,10900,0,304,19/05/2022,68.0,0,0,304.0
game_matchFishLeaderboard3,154,1,99,1,94F2F4BA562E784C,10900,0,304,19/05/2022,99.0,0,0,304.0
game_matchFishLeaderboard3,154,1,78,1,A3E5478D78B21FAD,10900,0,304,19/05/2022,78.0,0,0,304.0
game_matchFishLeaderboard3,154,1,65,1,22E84E3FD4CAE8C6,10900,0,303,19/05/2022,65.0,0,0,303.0
game_matchFishLeaderboard3,154,1,75,1,4619D7824CB8EF5E,10900,0,303,19/05/2022,75.0,0,0,303.0
game_matchFishLeaderboard3,154,1,65,1,52ABA23C538DF4A5,10900,0,303,19/05/2022,65.0,0,0,303.0
game_matchFishLeaderboard3,154,1,71,1,93BAED88B9DAA205,10900,0,303,19/05/2022,71.0,0,0,303.0
game_matchFishLeaderboard3,154,1,66,1,3888D939E66B87A9,10900,0,302,19/05/2022,66.0,0,0,302.0
game_matchFishLeaderboard3,154,6,136,6,5F533E490D72DC79,17950,0,301,19/05/2022,22.67,0,0,50.17
game_matchFishLeaderboard3,154,1,71,1,48EA9586B47E31F,10900,0,301,19/05/2022,71.0,0,0,301.0
game_matchFishLeaderboard3,154,1,71,1,6129A8127C1027E7,10900,0,301,19/05/2022,71.0,0,0,301.0
game_matchFishLeaderboard3,154,1,69,1,7B47A3195D0A643D,10900,0,301,19/05/2022,69.0,0,0,301.0
game_matchFishLeaderboard3,154,1,66,1,9CAEB4F5CCD3C042,10900,0,301,19/05/2022,66.0,0,0,301.0
game_matchFishLeaderboard3,154,1,67,1,C94F715B59378431,10900,0,301,19/05/2022,67.0,0,0,301.0
game_matchFishLeaderboard3,154,1,67,1,EB775F23F9307FE2,10900,0,301,19/05/2022,67.0,0,0,301.0
game_matchFishLeaderboard3,154,1,71,1,23A65341456CE5A1,10900,0,300,19/05/2022,71.0,0,0,300.0
game_matchFishLeaderboard3,154,1,72,1,48D8B1004BAB1147,10900,0,300,19/05/2022,72.0,0,0,300.0
game_matchFishLeaderboard3,154,1,67,1,4FD71ED3264D807F,10900,0,300,19/05/2022,67.0,0,0,300.0
game_matchFishLeaderboard3,154,1,64,1,8A75B2FF9B6D7591,10900,0,300,19/05/2022,64.0,0,0,300.0
game_matchFishLeaderboard3,154,1,71,1,9A0FC5FA3C02C4B,10900,0,300,19/05/2022,71.0,0,0,300.0
game_matchFishLeaderboard3,154,1,78,1,C9AD5EA068D24EC7,10900,0,300,19/05/2022,78.0,0,0,300.0
game_matchFishLeaderboard3,154,1,68,1,F3A48BB0960B3BF4,10900,0,300,19/05/2022,68.0,0,0,300.0
game_matchFishLeaderboard3,154,1,72,1,363AD7778B840778,10900,0,299,19/05/2022,72.0,0,0,299.0
game_matchFishLeaderboard3,154,1,65,1,AE51D1D7BF163E0D,10900,0,299,19/05/2022,65.0,0,0,299.0
game_matchFishLeaderboard3,154,1,67,1,B29406396E31DC55,10900,0,299,19/05/2022,67.0,0,0,299.0
game_matchFishLeaderboard3,154,1,68,1,FF89AE578716F67A,10900,0,299,19/05/2022,68.0,0,0,299.0
game_matchFishLeaderboard3,154,1,67,1,31DC80072DD865FA,10900,0,298,19/05/2022,67.0,0,0,298.0
game_matchFishLeaderboard3,154,1,71,1,3D69141003CF60B6,10900,0,298,19/05/2022,71.0,0,0,298.0
game_matchFishLeaderboard3,154,1,67,1,4691F2FB884F7949,10900,0,298,19/05/2022,67.0,0,0,298.0
game_matchFishLeaderboard3,154,1,65,1,6E0428C646F26D94,10900,0,298,19/05/2022,65.0,0,0,298.0
game_matchFishLeaderboard3,154,1,90,1,89D017F13F203F9D,10900,0,298,19/05/2022,90.0,0,0,298.0
game_matchFishLeaderboard3,154,1,78,1,98782030149A0284,10900,0,298,19/05/2022,78.0,0,0,298.0
game_matchFishLeaderboard3,154,1,70,1,B34D033C99DB35F0,10900,0,298,19/05/2022,70.0,0,0,298.0
game_matchFishLeaderboard3,154,1,73,1,1FD291E9ED9E7084,10900,0,297,19/05/2022,73.0,0,0,297.0
game_matchFishLeaderboard3,154,1,69,1,380B3C220CB6C27A,10900,0,297,19/05/2022,69.0,0,0,297.0
game_matchFishLeaderboard3,154,1,79,1,3DB27BCEF57255A,10900,0,297,19/05/2022,79.0,0,0,297.0
game_matchFishLeaderboard3,154,1,85,1,8038ECF38DB80B1A,10900,0,297,19/05/2022,85.0,0,0,297.0
game_matchFishLeaderboard3,154,1,68,1,834670D42DB992F5,10900,0,297,19/05/2022,68.0,0,0,297.0
game_matchFishLeaderboard3,154,1,68,1,837EF9BE438E6E9,10900,0,297,19/05/2022,68.0,0,0,297.0
game_matchFishLeaderboard3,154,1,71,1,8E2B585E6904A048,10900,0,297,19/05/2022,71.0,0,0,297.0
game_matchFishLeaderboard3,154,1,73,1,CA8CE401F6F17347,10900,0,297,19/05/2022,73.0,0,0,297.0
game_matchFishLeaderboard3,154,1,66,1,D293D6FE4A5C29C1,10900,0,297,19/05/2022,66.0,0,0,297.0
game_matchFishLeaderboard3,154,1,67,1,E7E2766708DFE6EF,10900,0,297,19/05/2022,67.0,0,0,297.0
game_matchFishLeaderboard3,154,1,83,1,F51408B0CC176FB,10900,0,297,19/05/2022,83.0,0,0,297.0
game_matchFishLeaderboard3,154,1,81,1,173715E958D8F1B1,10900,0,296,19/05/2022,81.0,0,0,296.0
game_matchFishLeaderboard3,154,1,71,1,5845CD152E51B181,10900,0,296,19/05/2022,71.0,0,0,296.0
game_matchFishLeaderboard3,154,1,70,1,6C79B1A47DB1E467,10900,0,296,19/05/2022,70.0,0,0,296.0
game_matchFishLeaderboard3,154,1,66,1,BE1C277E6F4E3166,10900,0,296,19/05/2022,66.0,0,0,296.0
game_matchFishLeaderboard3,154,1,79,1,C684E0D3696F0D7F,10900,0,296,19/05/2022,79.0,0,0,296.0
game_matchFishLeaderboard3,154,1,67,1,C7C92B48D246F4F0,10900,0,296,19/05/2022,67.0,0,0,296.0
game_matchFishLeaderboard3,154,1,66,1,32B62A49811AD3E0,10900,0,295,19/05/2022,66.0,0,0,295.0
game_matchFishLeaderboard3,154,1,73,1,378EA541CC435B52,10900,0,295,19/05/2022,73.0,0,0,295.0
game_matchFishLeaderboard3,154,1,72,1,5DE5C3499DEFF48D,10900,0,295,19/05/2022,72.0,0,0,295.0
game_matchFishLeaderboard3,154,1,72,1,73F72870839B13A5,10900,0,295,19/05/2022,72.0,0,0,295.0
game_matchFishLeaderboard3,154,1,68,1,B5BF6C856520FB2,10900,0,295,19/05/2022,68.0,0,0,295.0
game_matchFishLeaderboard3,154,1,75,1,C5B10073FFED6400,10900,0,295,19/05/2022,75.0,0,0,295.0
game_matchFishLeaderboard3,154,1,78,1,D304595627E8DD0E,10900,0,295,19/05/2022,78.0,0,0,295.0
game_matchFishLeaderboard3,154,1,66,1,D3EEAE99C7248220,10900,0,295,19/05/2022,66.0,0,0,295.0
game_matchFishLeaderboard3,154,1,72,1,19AD135197589B77,10900,0,294,19/05/2022,72.0,0,0,294.0
game_matchFishLeaderboard3,154,1,97,1,35F5A2B7215F62F4,10900,0,294,19/05/2022,97.0,0,0,294.0
game_matchFishLeaderboard3,154,1,86,1,47EEDA4030A457E7,10900,0,294,19/05/2022,86.0,0,0,294.0
game_matchFishLeaderboard3,154,1,65,1,67D00A36FAD0112,10900,0,294,19/05/2022,65.0,0,0,294.0
game_matchFishLeaderboard3,154,1,68,1,9F4C16574C5DD07F,10900,0,294,19/05/2022,68.0,0,0,294.0
game_matchFishLeaderboard3,154,1,66,1,EAFBEEF61478591E,10900,0,294,19/05/2022,66.0,0,0,294.0
game_matchFishLeaderboard3,154,1,98,1,FDA3B48C6BC528F8,10900,0,294,19/05/2022,98.0,0,0,294.0
game_matchFishLeaderboard3,154,1,70,1,2FD3B61A81D3017F,10900,0,293,19/05/2022,70.0,0,0,293.0
game_matchFishLeaderboard3,154,1,67,1,5BE1C485B865127,10900,0,293,19/05/2022,67.0,0,0,293.0
game_matchFishLeaderboard3,154,1,65,1,63FF977692134222,10900,0,293,19/05/2022,65.0,0,0,293.0
game_matchFishLeaderboard3,154,1,71,1,AB5F52E4427A909F,10900,0,293,19/05/2022,71.0,0,0,293.0
game_matchFishLeaderboard3,154,1,68,1,E8DC36B6982B7B1A,10900,0,293,19/05/2022,68.0,0,0,293.0
game_matchFishLeaderboard3,154,1,71,1,463C4C064799D589,10900,0,292,19/05/2022,71.0,0,0,292.0
game_matchFishLeaderboard3,154,1,71,1,707B488CFC4FE181,10900,0,292,19/05/2022,71.0,0,0,292.0
game_matchFishLeaderboard3,154,1,78,1,B6F287BC09FF2A0C,10900,0,292,19/05/2022,78.0,0,0,292.0
game_matchFishLeaderboard3,154,1,79,1,CB634E4D98786A87,10900,0,292,19/05/2022,79.0,0,0,292.0
game_matchFishLeaderboard3,154,1,78,1,D36C801B63B1235A,10900,0,292,19/05/2022,78.0,0,0,292.0
game_matchFishLeaderboard3,154,1,77,1,34C5C6F06A8FF9D2,10900,0,291,19/05/2022,77.0,0,0,291.0
game_matchFishLeaderboard3,154,1,75,1,4550C3A8B48C2661,10900,0,291,19/05/2022,75.0,0,0,291.0
game_matchFishLeaderboard3,154,1,75,1,54DC16DF846227B6,10900,0,291,19/05/2022,75.0,0,0,291.0
game_matchFishLeaderboard3,154,1,76,1,5B7CE6E2E4719B82,10900,0,291,19/05/2022,76.0,0,0,291.0
game_matchFishLeaderboard3,154,1,77,1,8240FAABED60893C,10900,0,291,19/05/2022,77.0,0,0,291.0
game_matchFishLeaderboard3,154,1,79,1,97AB586762B3A72C,10900,0,291,19/05/2022,79.0,0,0,291.0
game_matchFishLeaderboard3,154,1,65,1,3905DEFE5A278C31,10900,0,290,19/05/2022,65.0,0,0,290.0
game_matchFishLeaderboard3,154,1,73,1,863BD39531E29AEF,10900,0,290,19/05/2022,73.0,0,0,290.0
game_matchFishLeaderboard3,154,1,70,1,8650DFB94B1C508C,10900,0,290,19/05/2022,70.0,0,0,290.0
game_matchFishLeaderboard3,154,1,69,1,BF87C25ED1D99BA5,10900,0,290,19/05/2022,69.0,0,0,290.0
game_matchFishLeaderboard3,154,1,78,1,D080ECDAF11B2887,10900,0,290,19/05/2022,78.0,0,0,290.0
game_matchFishLeaderboard3,154,1,105,1,55F545FB55AD36B7,10900,0,289,19/05/2022,105.0,0,0,289.0
game_matchFishLeaderboard3,154,1,68,1,6C6618098667C497,10900,0,289,19/05/2022,68.0,0,0,289.0
game_matchFishLeaderboard3,154,1,72,1,78E05154705F64A2,10900,0,289,19/05/2022,72.0,0,0,289.0
game_matchFishLeaderboard3,154,5,188,5,B4D2A72BBCC50351,26350,0,288,19/05/2022,37.6,0,0,57.6
game_matchFishLeaderboard3,154,1,79,1,1999A999E0DF5611,10900,0,288,19/05/2022,79.0,0,0,288.0
game_matchFishLeaderboard3,154,1,95,1,33896B95295592F3,10900,0,288,19/05/2022,95.0,0,0,288.0
game_matchFishLeaderboard3,154,1,79,1,6998A4C9909E4C3D,10900,0,288,19/05/2022,79.0,0,0,288.0
game_matchFishLeaderboard3,154,1,86,1,6EAF7C7C1EE88589,10900,0,288,19/05/2022,86.0,0,0,288.0
game_matchFishLeaderboard3,154,1,71,1,70C04E56173519E9,10900,0,288,19/05/2022,71.0,0,0,288.0
game_matchFishLeaderboard3,154,1,74,1,745FE36591AFA3,10900,0,288,19/05/2022,74.0,0,0,288.0
game_matchFishLeaderboard3,154,1,65,1,8C98D603421EE8BB,10900,0,288,19/05/2022,65.0,0,0,288.0
game_matchFishLeaderboard3,154,1,69,1,9CC615C56EE7EFBF,10900,0,288,19/05/2022,69.0,0,0,288.0
game_matchFishLeaderboard3,154,1,70,1,CBBA4A92E530D85B,10900,0,288,19/05/2022,70.0,0,0,288.0
game_matchFishLeaderboard3,154,2,71,2,E882ED240749FBD1,10900,0,288,19/05/2022,35.5,0,0,144.0
game_matchFishLeaderboard3,154,1,66,1,FD44121489FF1FEE,10900,0,288,19/05/2022,66.0,0,0,288.0
game_matchFishLeaderboard3,154,1,67,1,104B21743929ABE4,10900,0,287,19/05/2022,67.0,0,0,287.0
game_matchFishLeaderboard3,154,2,133,2,18E51DCD11ED0925,10900,0,287,19/05/2022,66.5,0,0,143.5
game_matchFishLeaderboard3,154,1,71,1,53CF789C51B6BBCD,10900,0,287,19/05/2022,71.0,0,0,287.0
game_matchFishLeaderboard3,154,1,72,1,9D5F4F009C59ED5E,10900,0,287,19/05/2022,72.0,0,0,287.0
game_matchFishLeaderboard3,154,1,78,1,A599058881C5D52B,10900,0,287,19/05/2022,78.0,0,0,287.0
game_matchFishLeaderboard3,154,1,64,1,31ED3507449EA47C,10900,0,286,19/05/2022,64.0,0,0,286.0
game_matchFishLeaderboard3,154,1,79,1,32335C2984DCD1E6,10900,0,286,19/05/2022,79.0,0,0,286.0
game_matchFishLeaderboard3,154,1,66,1,7450DE25C5FC804D,10900,0,286,19/05/2022,66.0,0,0,286.0
game_matchFishLeaderboard3,154,1,73,1,79C1A399F4634B99,10900,0,286,19/05/2022,73.0,0,0,286.0
game_matchFishLeaderboard3,154,1,73,1,82C166017E8050,10900,0,286,19/05/2022,73.0,0,0,286.0
game_matchFishLeaderboard3,154,1,67,1,DDB16298DDCFA629,10900,0,286,19/05/2022,67.0,0,0,286.0
game_matchFishLeaderboard3,154,1,74,1,E8B43A20E94B244,10900,0,286,19/05/2022,74.0,0,0,286.0
game_matchFishLeaderboard3,154,1,97,1,153E98A9BB97BF7E,10900,0,285,19/05/2022,97.0,0,0,285.0
game_matchFishLeaderboard3,154,1,87,1,CC41054B15C07CFD,10900,0,285,19/05/2022,87.0,0,0,285.0
game_matchFishLeaderboard3,154,1,89,1,50B43CCEE7AA6FC4,10900,0,284,19/05/2022,89.0,0,0,284.0
game_matchFishLeaderboard3,154,3,84,3,690700CE20E6E71F,10900,0,284,19/05/2022,28.0,0,0,94.67
game_matchFishLeaderboard3,154,1,84,1,6CE75498B6FE45A7,10900,0,284,19/05/2022,84.0,0,0,284.0
game_matchFishLeaderboard3,154,1,96,1,717C3419B234103A,10900,0,284,19/05/2022,96.0,0,0,284.0
game_matchFishLeaderboard3,154,1,71,1,FA77B588FE9CD8AD,10900,0,284,19/05/2022,71.0,0,0,284.0
game_matchFishLeaderboard3,154,1,84,1,170BE47173AD2D2,10900,0,283,19/05/2022,84.0,0,0,283.0
game_matchFishLeaderboard3,154,1,70,1,40DB63833D9D74AD,10900,0,283,19/05/2022,70.0,0,0,283.0
game_matchFishLeaderboard3,154,2,76,2,5F2E3A2F954DBD3B,10900,0,283,19/05/2022,38.0,0,0,141.5
game_matchFishLeaderboard3,154,2,75,2,6C3B731C1DD2B91B,10900,0,283,19/05/2022,37.5,0,0,141.5
game_matchFishLeaderboard3,154,1,67,1,C4948D250D76579D,10900,0,283,19/05/2022,67.0,0,0,283.0
game_matchFishLeaderboard3,154,1,74,1,FD780757EDBFBBA7,10900,0,283,19/05/2022,74.0,0,0,283.0
game_matchFishLeaderboard3,154,1,79,1,1C63D26C7DC203D5,10900,0,282,19/05/2022,79.0,0,0,282.0
game_matchFishLeaderboard3,154,1,78,1,BB6B186C6CD3C85A,10900,0,282,19/05/2022,78.0,0,0,282.0
game_matchFishLeaderboard3,154,1,67,1,FA470B9BACA5A88B,10900,0,282,19/05/2022,67.0,0,0,282.0
game_matchFishLeaderboard3,154,1,67,1,98F83A05629520B1,10900,0,281,19/05/2022,67.0,0,0,281.0
game_matchFishLeaderboard3,154,1,73,1,ACA3ACBD7EA028CF,10900,0,281,19/05/2022,73.0,0,0,281.0
game_matchFishLeaderboard3,154,1,94,1,B89BF17223E84DEB,10900,0,281,19/05/2022,94.0,0,0,281.0
game_matchFishLeaderboard3,154,1,88,1,DA6D9F50FA23156A,10900,0,281,19/05/2022,88.0,0,0,281.0
game_matchFishLeaderboard3,154,1,70,1,E979C4E90C189900,10900,0,281,19/05/2022,70.0,0,0,281.0
game_matchFishLeaderboard3,154,1,94,1,22AB114912ED5EDD,10900,0,280,19/05/2022,94.0,0,0,280.0
game_matchFishLeaderboard3,154,1,155,1,67C561741063A55F,10900,0,280,19/05/2022,155.0,0,0,280.0
game_matchFishLeaderboard3,154,1,69,1,7428361C10B5C31,10900,0,280,19/05/2022,69.0,0,0,280.0
game_matchFishLeaderboard3,154,2,78,2,DDA23E754016B59C,10900,0,280,19/05/2022,39.0,0,0,140.0
game_matchFishLeaderboard3,154,1,77,1,FD58895A5AFFF400,10900,0,280,19/05/2022,77.0,0,0,280.0
game_matchFishLeaderboard3,154,1,93,1,330E5380E0804BCF,10900,0,279,19/05/2022,93.0,0,0,279.0
game_matchFishLeaderboard3,154,1,76,1,41E1EF4E2E28D9EC,10900,0,279,19/05/2022,76.0,0,0,279.0
game_matchFishLeaderboard3,154,1,149,1,7F7A5966EC9208EF,10900,0,279,19/05/2022,149.0,0,0,279.0
game_matchFishLeaderboard3,154,1,80,1,B7BB102C2650F8E7,10900,0,279,19/05/2022,80.0,0,0,279.0
game_matchFishLeaderboard3,154,1,68,1,2F67B18F3ABED600,10900,0,278,19/05/2022,68.0,0,0,278.0
game_matchFishLeaderboard3,154,1,74,1,32E565ACBE8E700E,10900,0,278,19/05/2022,74.0,0,0,278.0
game_matchFishLeaderboard3,154,1,133,1,61EFC5D999184B33,10900,0,278,19/05/2022,133.0,0,0,278.0
game_matchFishLeaderboard3,154,1,74,1,66CD631072C7316E,10900,0,278,19/05/2022,74.0,0,0,278.0
game_matchFishLeaderboard3,154,1,74,1,86E850358798349B,10900,0,278,19/05/2022,74.0,0,0,278.0
game_matchFishLeaderboard3,154,1,69,1,FD69BB2F871F2692,10900,0,278,19/05/2022,69.0,0,0,278.0
game_matchFishLeaderboard3,154,1,72,1,1BC4673FDE3B6F7E,10900,0,277,19/05/2022,72.0,0,0,277.0
game_matchFishLeaderboard3,154,1,67,1,A25CD4B39FB71B4,10900,0,277,19/05/2022,67.0,0,0,277.0
game_matchFishLeaderboard3,154,2,76,2,77C8AED26194E1EC,10900,0,276,19/05/2022,38.0,0,0,138.0
game_matchFishLeaderboard3,154,1,75,1,D3FE028AE954B6F2,10900,0,276,19/05/2022,75.0,0,0,276.0
game_matchFishLeaderboard3,154,2,93,2,E6849A84350B5164,10900,0,276,19/05/2022,46.5,0,0,138.0
game_matchFishLeaderboard3,154,1,81,1,E9DF90CFE11BC8B5,10900,0,276,19/05/2022,81.0,0,0,276.0
game_matchFishLeaderboard3,154,1,73,1,106E3F0FAF346EF5,10900,0,275,19/05/2022,73.0,0,0,275.0
game_matchFishLeaderboard3,154,1,96,1,1110C60F0571205D,10900,0,275,19/05/2022,96.0,0,0,275.0
game_matchFishLeaderboard3,154,1,73,1,5D6599A775DC63BC,10900,0,275,19/05/2022,73.0,0,0,275.0
game_matchFishLeaderboard3,154,1,71,1,CE7528D866522703,10900,0,275,19/05/2022,71.0,0,0,275.0
game_matchFishLeaderboard3,154,1,71,1,64859AA47B929DDC,10900,0,274,19/05/2022,71.0,0,0,274.0
game_matchFishLeaderboard3,154,1,71,1,BFB14CDE9D059437,10900,0,274,19/05/2022,71.0,0,0,274.0
game_matchFishLeaderboard3,154,1,80,1,F08771ADF97E3E1A,10900,0,274,19/05/2022,80.0,0,0,274.0
game_matchFishLeaderboard3,154,1,110,1,310778D480165E9B,10900,0,273,19/05/2022,110.0,0,0,273.0
game_matchFishLeaderboard3,154,1,97,1,2A0B69720AA64148,10900,0,272,19/05/2022,97.0,0,0,272.0
game_matchFishLeaderboard3,154,3,86,3,4B64C8608E5214DF,10900,0,272,19/05/2022,28.67,0,0,90.67
game_matchFishLeaderboard3,154,1,147,1,A03DAAED6E0BB0D7,10900,0,271,19/05/2022,147.0,0,0,271.0
game_matchFishLeaderboard3,154,1,192,1,2A86F695E8360EFD,10900,0,270,19/05/2022,192.0,0,0,270.0
game_matchFishLeaderboard3,154,1,69,1,4BA17A7E8938496E,10900,0,269,19/05/2022,69.0,0,0,269.0
game_matchFishLeaderboard3,154,1,140,1,7370F97820D894E8,10900,0,267,19/05/2022,140.0,0,0,267.0
game_matchFishLeaderboard3,154,5,139,5,E8E41CE05EB28F57,10900,0,267,19/05/2022,27.8,0,0,53.4
game_matchFishLeaderboard3,154,1,80,1,6F3F620B2D6354B5,10900,0,266,19/05/2022,80.0,0,0,266.0
game_matchFishLeaderboard3,154,2,82,2,5DE437D28ECFF51F,10900,0,265,19/05/2022,41.0,0,0,132.5
game_matchFishLeaderboard3,154,2,80,2,73A6AB7F16D59B7D,10900,0,264,19/05/2022,40.0,0,0,132.0
game_matchFishLeaderboard3,154,1,199,1,67123F62DF406A2E,10900,0,263,19/05/2022,199.0,0,0,263.0
game_matchFishLeaderboard3,154,1,79,1,E9ACECC68E163132,10900,0,262,19/05/2022,79.0,0,0,262.0
game_matchFishLeaderboard3,154,1,72,1,BF4A4C916500B7BF,10900,0,261,19/05/2022,72.0,0,0,261.0
game_matchFishLeaderboard3,154,2,106,2,C52168267B2D0C5A,10900,0,260,19/05/2022,53.0,0,0,130.0
game_matchFishLeaderboard3,154,2,140,2,61A9C51A934A6FD3,10900,0,259,19/05/2022,70.0,0,0,129.5
game_matchFishLeaderboard3,154,1,105,1,8B6C1A011031A6E1,10900,0,257,19/05/2022,105.0,0,0,257.0
game_matchFishLeaderboard3,154,1,73,1,3BEEFADF879BDFCD,10900,0,256,19/05/2022,73.0,0,0,256.0
game_matchFishLeaderboard3,154,1,73,1,476E0D5BE0B35D24,10900,0,255,19/05/2022,73.0,0,0,255.0
game_matchFishLeaderboard3,154,1,131,1,B0B719D17D4E97B1,10900,0,255,19/05/2022,131.0,0,0,255.0
game_matchFishLeaderboard3,154,1,90,1,970A756849E00EA6,10900,0,253,19/05/2022,90.0,0,0,253.0
game_matchFishLeaderboard3,154,1,90,1,2515456FC3C37289,10900,0,247,19/05/2022,90.0,0,0,247.0
game_matchFishLeaderboard3,154,2,155,2,5B39E00C76199B08,10900,0,247,19/05/2022,77.5,0,0,123.5
game_matchFishLeaderboard3,154,2,78,2,CA05E49776948D3E,10900,0,245,19/05/2022,39.0,0,0,122.5
game_matchFishLeaderboard3,154,1,83,1,AC17947BFB55F6DE,10900,0,244,19/05/2022,83.0,0,0,244.0
game_matchFishLeaderboard3,154,1,73,1,48EF4187CC2DA2E8,10900,0,241,19/05/2022,73.0,0,0,241.0
game_matchFishLeaderboard3,154,3,99,3,163443BE6C6A22C8,10900,0,235,19/05/2022,33.0,0,0,78.33
game_matchFishLeaderboard3,154,1,61,1,D98FA0A63EE76160,10850,0,234,19/05/2022,61.0,0,0,234.0
game_matchFishLeaderboard3,154,4,131,4,630A21FE7C846EBB,10900,0,233,19/05/2022,32.75,0,0,58.25
game_matchFishLeaderboard3,154,2,60,2,ECAFBBD09A7C5392,10800,0,232,19/05/2022,30.0,0,0,116.0
game_matchFishLeaderboard3,154,1,59,1,9A589161E54B1B26,10800,0,231,19/05/2022,59.0,0,0,231.0
game_matchFishLeaderboard3,154,1,58,1,8917A4214B0BD23E,10800,0,230,19/05/2022,58.0,0,0,230.0
game_matchFishLeaderboard3,154,1,68,1,F57738EC15BB7956,10900,0,229,19/05/2022,68.0,0,0,229.0
game_matchFishLeaderboard3,154,1,62,1,796D926BB52AC988,10850,0,229,19/05/2022,62.0,0,0,229.0
game_matchFishLeaderboard3,154,1,61,1,24B45DBF28D4EEE5,10800,0,229,19/05/2022,61.0,0,0,229.0
game_matchFishLeaderboard3,154,1,57,1,DC407B88D19ED2E,10800,0,228,19/05/2022,57.0,0,0,228.0
game_matchFishLeaderboard3,154,1,57,1,375C850E400A7BA5,10900,0,227,19/05/2022,57.0,0,0,227.0
game_matchFishLeaderboard3,154,1,57,1,6B6E6622F444B189,10900,0,227,19/05/2022,57.0,0,0,227.0
game_matchFishLeaderboard3,154,1,60,1,791D5FC5CC1D8D6A,10800,0,225,19/05/2022,60.0,0,0,225.0
game_matchFishLeaderboard3,154,1,58,1,C3B69CF5D9F3C861,10800,0,224,19/05/2022,58.0,0,0,224.0
game_matchFishLeaderboard3,154,1,57,1,4FEE9359F219BF2A,10800,0,223,19/05/2022,57.0,0,0,223.0
game_matchFishLeaderboard3,154,3,120,3,8D83D713F710B071,9250,0,218,19/05/2022,40.0,0,0,72.67
game_matchFishLeaderboard3,154,1,76,1,E686A4DAB2A95BBF,10850,0,217,19/05/2022,76.0,0,0,217.0
game_matchFishLeaderboard3,154,1,62,1,931B0EEFBC423818,10800,0,216,19/05/2022,62.0,0,0,216.0
game_matchFishLeaderboard3,154,7,96,7,EB9D989CCB1E588C,10800,0,215,19/05/2022,13.71,0,0,30.71
game_matchFishLeaderboard3,154,2,67,2,AA2251D9CBBA3AAB,10800,0,213,19/05/2022,33.5,0,0,106.5
game_matchFishLeaderboard3,154,1,61,1,CAEE72E3F7F0CA31,10800,0,212,19/05/2022,61.0,0,0,212.0
game_matchFishLeaderboard3,154,2,75,2,2343795B17BADB4C,10800,0,209,19/05/2022,37.5,0,0,104.5
game_matchFishLeaderboard3,154,2,89,2,2CC183C78DFEB327,10900,0,208,19/05/2022,44.5,0,0,104.0
game_matchFishLeaderboard3,154,7,105,7,FDD7A0895CC84AE0,10900,0,194,19/05/2022,15.0,0,0,27.71
game_matchFishLeaderboard3,154,3,112,3,4647DC3023154BD0,12950,0,178,19/05/2022,37.33,0,0,59.33
game_matchFishLeaderboard3,154,1,69,1,8356457F482A9053,9400,0,173,19/05/2022,69.0,0,0,173.0
game_matchFishLeaderboard3,154,1,69,1,F8C3D60361007E71,7750,0,168,19/05/2022,69.0,0,0,168.0
game_matchFishLeaderboard3,154,1,79,1,789CCA755C8FBF25,10000,0,163,19/05/2022,79.0,0,0,163.0
game_matchFishLeaderboard3,154,1,65,1,A6E5326586B2C3B9,9250,0,162,19/05/2022,65.0,0,0,162.0
game_matchFishLeaderboard3,154,1,99,1,16B3D8683F1978A4,10150,0,161,19/05/2022,99.0,0,0,161.0
game_matchFishLeaderboard3,154,2,89,2,2238C656EC8B9D69,9650,0,161,19/05/2022,44.5,0,0,80.5
game_matchFishLeaderboard3,154,1,75,1,AA30AF55D212389F,8350,0,159,19/05/2022,75.0,0,0,159.0
game_matchFishLeaderboard3,154,1,51,1,99D2EBF4C42D564A,10900,0,158,19/05/2022,51.0,0,0,158.0
game_matchFishLeaderboard3,154,1,75,1,80EDDC78189128EF,10600,0,158,19/05/2022,75.0,0,0,158.0
game_matchFishLeaderboard3,154,1,56,1,247D530DB40109F0,6250,0,156,19/05/2022,56.0,0,0,156.0
game_matchFishLeaderboard3,154,1,65,1,B3030C1624305121,5950,0,155,19/05/2022,65.0,0,0,155.0
game_matchFishLeaderboard3,154,1,77,1,6D1BF5DD948C84BE,10000,0,150,19/05/2022,77.0,0,0,150.0
game_matchFishLeaderboard3,154,1,81,1,A36A093E761FE1A3,8050,0,150,19/05/2022,81.0,0,0,150.0
game_matchFishLeaderboard3,154,1,108,1,768F0105B28CE0D0,7750,0,148,19/05/2022,108.0,0,0,148.0
game_matchFishLeaderboard3,154,2,65,2,B68AB3AF4F9C2FCC,6550,0,147,19/05/2022,32.5,0,0,73.5
game_matchFishLeaderboard3,154,2,74,2,3062310718AB7B87,9000,0,145,19/05/2022,37.0,0,0,72.5
game_matchFishLeaderboard3,154,1,62,1,1E6F04303D95D7E7,7300,0,145,19/05/2022,62.0,0,0,145.0
game_matchFishLeaderboard3,154,2,84,2,AAD8B445A5613BE5,9100,0,144,19/05/2022,42.0,0,0,72.0
game_matchFishLeaderboard3,154,4,112,4,78CEA72DCB82D8A5,7000,0,142,19/05/2022,28.0,0,0,35.5
game_matchFishLeaderboard3,154,3,115,3,8B0FC6D20AFDFB61,8850,0,137,19/05/2022,38.33,0,0,45.67
game_matchFishLeaderboard3,154,1,73,1,4B06A2BC00BB1ED1,8350,0,136,19/05/2022,73.0,0,0,136.0
game_matchFishLeaderboard3,154,1,130,1,B91545E8ED44E6EB,7300,0,134,19/05/2022,130.0,0,0,134.0
game_matchFishLeaderboard3,154,1,55,1,B11AFFE52598747,7000,0,134,19/05/2022,55.0,0,0,134.0
game_matchFishLeaderboard3,154,1,83,1,50FAD986E3F4A574,8800,0,133,19/05/2022,83.0,0,0,133.0
game_matchFishLeaderboard3,154,1,149,1,EC3450BA87C2E6BC,7900,0,133,19/05/2022,149.0,0,0,133.0
game_matchFishLeaderboard3,154,1,70,1,243D5B6E93A96542,6400,0,132,19/05/2022,70.0,0,0,132.0
game_matchFishLeaderboard3,154,1,67,1,62F574C512F28187,8800,0,131,19/05/2022,67.0,0,0,131.0
game_matchFishLeaderboard3,154,1,202,1,30BBC06B7FD9EE9E,6550,0,131,19/05/2022,202.0,0,0,131.0
game_matchFishLeaderboard3,154,1,55,1,D24A155BD4809042,6100,0,130,19/05/2022,55.0,0,0,130.0
game_matchFishLeaderboard3,154,2,105,2,266680B8FF6B247D,5800,0,130,19/05/2022,52.5,0,0,65.0
game_matchFishLeaderboard3,154,1,65,1,241E9615AA0D6F87,7450,0,128,19/05/2022,65.0,0,0,128.0
game_matchFishLeaderboard3,154,1,96,1,55E1DA492F335955,8200,0,124,19/05/2022,96.0,0,0,124.0
game_matchFishLeaderboard3,154,1,60,1,150E2F1EFC34CC0,6400,0,124,19/05/2022,60.0,0,0,124.0
game_matchFishLeaderboard3,154,2,83,2,3595469DC6637416,8200,0,123,19/05/2022,41.5,0,0,61.5
game_matchFishLeaderboard3,154,3,110,3,4C5C436E5AC4AFA4,9250,0,119,19/05/2022,36.67,0,0,39.67
game_matchFishLeaderboard3,154,1,55,1,56CEC7D708A1BF5F,6550,0,116,19/05/2022,55.0,0,0,116.0
game_matchFishLeaderboard3,154,2,97,2,81E1755B560A69BB,9550,0,107,19/05/2022,48.5,0,0,53.5
game_matchFishLeaderboard3,154,2,62,2,C92D9B5F5C7B00D1,6850,0,100,19/05/2022,31.0,0,0,50.0
game_matchFishLeaderboard3,154,3,79,3,D612420B52AF4AE4,10700,0,99,19/05/2022,26.33,0,0,33.0
game_matchFishLeaderboard3,154,1,48,1,133010F276E60EBF,6350,0,99,19/05/2022,48.0,0,0,99.0
game_matchFishLeaderboard3,154,1,59,1,9214B4258336951A,8450,0,98,19/05/2022,59.0,0,0,98.0
game_matchFishLeaderboard3,154,1,64,1,D6EA64D994DBFE4F,8100,0,98,19/05/2022,64.0,0,0,98.0
game_matchFishLeaderboard3,154,1,132,1,F985276716FF2D36,2800,0,97,19/05/2022,132.0,0,0,97.0
game_matchFishLeaderboard3,154,1,63,1,F9A073A0199750C6,9000,0,96,19/05/2022,63.0,0,0,96.0
game_matchFishLeaderboard3,154,1,46,1,E9E51BB822E8D7A5,5850,0,95,19/05/2022,46.0,0,0,95.0
game_matchFishLeaderboard3,154,1,43,1,192F875C27FBA095,5700,0,95,19/05/2022,43.0,0,0,95.0
game_matchFishLeaderboard3,154,3,80,3,369465A57CC6A11C,8600,0,94,19/05/2022,26.67,0,0,31.33
game_matchFishLeaderboard3,154,1,111,1,DA9F1B5CDE73F86D,7350,0,94,19/05/2022,111.0,0,0,94.0
game_matchFishLeaderboard3,154,1,44,1,252095DD70A55D3D,6800,0,92,19/05/2022,44.0,0,0,92.0
game_matchFishLeaderboard3,154,1,49,1,884B56067E915574,8000,0,91,19/05/2022,49.0,0,0,91.0
game_matchFishLeaderboard3,154,1,41,1,34E97AB0BA5352BB,5400,0,90,19/05/2022,41.0,0,0,90.0
game_matchFishLeaderboard3,154,1,62,1,7B1AC419AF270ADD,9150,0,88,19/05/2022,62.0,0,0,88.0
game_matchFishLeaderboard3,154,8,133,8,B0B499909FDD1FC7,7150,0,88,19/05/2022,16.63,0,0,11.0
game_matchFishLeaderboard3,154,1,48,1,31383BB0550E4819,7500,0,86,19/05/2022,48.0,0,0,86.0
game_matchFishLeaderboard3,154,8,157,8,1472694FF414C26A,6000,0,85,19/05/2022,19.63,0,0,10.63
game_matchFishLeaderboard3,154,1,65,1,EF68322C3DC3B479,6750,0,83,19/05/2022,65.0,0,0,83.0
game_matchFishLeaderboard3,154,1,39,1,741D7323A21FA976,4800,0,81,19/05/2022,39.0,0,0,81.0
game_matchFishLeaderboard3,154,5,79,5,F174294D9E573312,6300,0,80,19/05/2022,15.8,0,0,16.0
game_matchFishLeaderboard3,154,2,57,2,288AC1F720CB65A4,7350,0,79,19/05/2022,28.5,0,0,39.5
game_matchFishLeaderboard3,154,2,50,2,F16DD201C5CD6261,5550,0,79,19/05/2022,25.0,0,0,39.5
game_matchFishLeaderboard3,154,2,61,2,683E67824CF5DD05,5400,0,79,19/05/2022,30.5,0,0,39.5
game_matchFishLeaderboard3,154,1,43,1,F47CBB55BA65BEAC,5450,0,78,19/05/2022,43.0,0,0,78.0
game_matchFishLeaderboard3,154,1,35,1,61FF188663ACE356,4200,0,77,19/05/2022,35.0,0,0,77.0
game_matchFishLeaderboard3,154,1,45,1,BC51015715033CBF,4950,0,76,19/05/2022,45.0,0,0,76.0
game_matchFishLeaderboard3,154,1,39,1,B286611ECCA5B3FF,4050,0,76,19/05/2022,39.0,0,0,76.0
game_matchFishLeaderboard3,154,1,40,1,90A5F3E207A191AD,5400,0,75,19/05/2022,40.0,0,0,75.0
game_matchFishLeaderboard3,154,1,48,1,FBDA6588672225DC,6600,0,74,19/05/2022,48.0,0,0,74.0
game_matchFishLeaderboard3,154,1,49,1,FD43C026B9CC8F1A,5300,0,74,19/05/2022,49.0,0,0,74.0
game_matchFishLeaderboard3,154,1,37,1,19245178A13224A3,4950,0,73,19/05/2022,37.0,0,0,73.0
game_matchFishLeaderboard3,154,1,38,1,7DDA887CCFBEB847,3950,0,73,19/05/2022,38.0,0,0,73.0
game_matchFishLeaderboard3,154,8,275,8,EBB21CFFB6259B9D,3120,0,73,19/05/2022,34.38,0,0,9.13
game_matchFishLeaderboard3,154,2,61,2,532B4D5768707840,7950,0,72,19/05/2022,30.5,0,0,36.0
game_matchFishLeaderboard3,154,8,129,8,74BC78AAA37DD554,8350,0,70,19/05/2022,16.13,0,0,8.75
game_matchFishLeaderboard3,154,2,55,2,325F3B3DC6E08B43,6350,0,70,19/05/2022,27.5,0,0,35.0
game_matchFishLeaderboard3,154,4,77,4,B7FE314C1922B07F,5400,0,64,19/05/2022,19.25,0,0,16.0
game_matchFishLeaderboard3,154,1,31,1,7AD912AA0C18C960,3000,0,64,19/05/2022,31.0,0,0,64.0
game_matchFishLeaderboard3,154,1,35,1,868270C2FD04150F,4050,0,63,19/05/2022,35.0,0,0,63.0
game_matchFishLeaderboard3,154,1,53,1,48797C9A613B016C,3800,0,61,19/05/2022,53.0,0,0,61.0
game_matchFishLeaderboard3,154,2,71,2,5402D770742188D2,10950,0,60,19/05/2022,35.5,0,0,30.0
game_matchFishLeaderboard3,154,2,81,2,DD9360210D33EC1F,6000,0,60,19/05/2022,40.5,0,0,30.0
game_matchFishLeaderboard3,154,1,36,1,2EE23FD90EE44A3C,4100,0,59,19/05/2022,36.0,0,0,59.0
game_matchFishLeaderboard3,154,2,39,2,1A925F690452E4D1,3650,0,59,19/05/2022,19.5,0,0,29.5
game_matchFishLeaderboard3,154,2,46,2,DE2603A53C775A47,5300,0,54,19/05/2022,23.0,0,0,27.0
game_matchFishLeaderboard3,154,1,37,1,162EED77284F29EA,5100,0,54,19/05/2022,37.0,0,0,54.0
game_matchFishLeaderboard3,154,1,32,1,226F205F320C6B57,3050,0,54,19/05/2022,32.0,0,0,54.0
game_matchFishLeaderboard3,154,1,47,1,7FD656DAD21470E7,3450,0,49,19/05/2022,47.0,0,0,49.0
game_matchFishLeaderboard3,154,7,87,7,5FE2B4726C7637A0,9850,0,48,19/05/2022,12.43,0,0,6.86
game_matchFishLeaderboard3,154,3,89,3,C90E2099000A060C,8650,0,47,19/05/2022,29.67,0,0,15.67
game_matchFishLeaderboard3,154,1,35,1,F7029E748C39C6E7,3950,0,46,19/05/2022,35.0,0,0,46.0
game_matchFishLeaderboard3,154,1,32,1,EF92D7D7AAAC6CEB,3500,0,46,19/05/2022,32.0,0,0,46.0
game_matchFishLeaderboard3,154,5,113,5,AC2D7B7049365EBE,6600,0,45,19/05/2022,22.6,0,0,9.0
game_matchFishLeaderboard3,154,1,43,1,75BA274E400A7DF3,3350,0,41,19/05/2022,43.0,0,0,41.0
game_matchFishLeaderboard3,154,2,39,2,4D3B38C07A94F251,3050,0,41,19/05/2022,19.5,0,0,20.5
game_matchFishLeaderboard3,154,3,110,3,D336D623ABF6F545,5950,0,40,19/05/2022,36.67,0,0,13.33
game_matchFishLeaderboard3,154,6,85,6,C6CAC8B63893BD87,8950,0,36,19/05/2022,14.17,0,0,6.0
game_matchFishLeaderboard3,154,4,63,4,D17E8CD5DA607D77,8950,0,36,19/05/2022,15.75,0,0,9.0
game_matchFishLeaderboard3,154,1,33,1,37E0E250266A6D6D,5950,0,36,19/05/2022,33.0,0,0,36.0
game_matchFishLeaderboard3,154,2,105,2,680D8992FA5D5763,4500,0,36,19/05/2022,52.5,0,0,18.0
game_matchFishLeaderboard3,154,5,74,5,C1114DC8C2D226B8,6150,0,35,19/05/2022,14.8,0,0,7.0
game_matchFishLeaderboard3,154,1,35,1,BFF5EC281F9C28D7,5500,0,35,19/05/2022,35.0,0,0,35.0
game_matchFishLeaderboard3,154,3,81,3,95854C07AD50966B,5850,0,34,19/05/2022,27.0,0,0,11.33
game_matchFishLeaderboard3,154,2,79,2,5EBCEF8EB5CCE29D,4000,0,34,19/05/2022,39.5,0,0,17.0
game_matchFishLeaderboard3,154,3,84,3,6E1E8DB3E7D88E30,7500,0,33,19/05/2022,28.0,0,0,11.0
game_matchFishLeaderboard3,154,3,163,3,C36A877144AB923C,1640,0,33,19/05/2022,54.33,0,0,11.0
game_matchFishLeaderboard3,154,7,91,7,1558E76688A66234,11400,0,30,19/05/2022,13.0,0,0,4.29
game_matchFishLeaderboard3,154,1,36,1,2145A41CE81122AF,3200,0,28,19/05/2022,36.0,0,0,28.0
game_matchFishLeaderboard3,154,1,48,1,BFFC8A9353B527CF,3450,0,25,19/05/2022,48.0,0,0,25.0
game_matchFishLeaderboard3,154,2,39,2,2AE7C33BACF96122,2700,0,24,19/05/2022,19.5,0,0,12.0
game_matchFishLeaderboard3,154,5,101,5,3324FA620C4B962D,6550,0,20,19/05/2022,20.2,0,0,4.0
game_matchFishLeaderboard3,154,2,57,2,DCD858C6C871FD02,2850,0,19,19/05/2022,28.5,0,0,9.5
game_matchFishLeaderboard3,154,2,30,2,A3BF17108302C174,3850,0,17,19/05/2022,15.0,0,0,8.5
game_matchFishLeaderboard3,154,1,35,1,3A47B303C26F0D,4950,0,16,19/05/2022,35.0,0,0,16.0
game_matchFishLeaderboard3,154,1,24,1,9EA7D1105964B759,3850,0,16,19/05/2022,24.0,0,0,16.0
game_matchFishLeaderboard3,154,1,27,1,2A92DDF5A0127B9F,3550,0,16,19/05/2022,27.0,0,0,16.0
game_matchFishLeaderboard3,154,3,31,3,D60131EA89EF66C2,2700,0,16,19/05/2022,10.33,0,0,5.33
game_matchFishLeaderboard3,154,5,49,5,219123DD1EC09EEA,4200,0,15,19/05/2022,9.8,0,0,3.0
game_matchFishLeaderboard3,154,1,27,1,AB8F35597CB68BD1,4000,0,15,19/05/2022,27.0,0,0,15.0
game_matchFishLeaderboard3,154,2,35,2,F7F7E3573C0CF1C5,3600,0,15,19/05/2022,17.5,0,0,7.5
game_matchFishLeaderboard3,154,3,62,3,8DA0382430A335FC,3480,0,15,19/05/2022,20.67,0,0,5.0
game_matchFishLeaderboard3,154,4,71,4,1BF7E9B0734116E2,3120,0,15,19/05/2022,17.75,0,0,3.75
game_matchFishLeaderboard3,154,1,60,1,F718DC0AD8D97FFA,5280,0,14,19/05/2022,60.0,0,0,14.0
game_matchFishLeaderboard3,154,1,38,1,DEEE3BD7735877B2,3450,0,14,19/05/2022,38.0,0,0,14.0
game_matchFishLeaderboard3,154,1,23,1,C945436645FCBEF5,3400,0,14,19/05/2022,23.0,0,0,14.0
game_matchFishLeaderboard3,154,2,28,2,FF1CD63545298E1E,3300,0,14,19/05/2022,14.0,0,0,7.0
game_matchFishLeaderboard3,154,2,30,2,AD684B5FC49A534D,3000,0,14,19/05/2022,15.0,0,0,7.0
game_matchFishLeaderboard3,154,3,28,3,18FED22613382989,2850,0,14,19/05/2022,9.33,0,0,4.67
game_matchFishLeaderboard3,154,1,38,1,3A60E9B4E10002FA,4350,0,13,19/05/2022,38.0,0,0,13.0
game_matchFishLeaderboard3,154,6,51,6,5BA4715C233A0E3,3450,0,13,19/05/2022,8.5,0,0,2.17
game_matchFishLeaderboard3,154,2,185,2,8190D1CF6370CEE9,2710,0,13,19/05/2022,92.5,0,0,6.5
game_matchFishLeaderboard3,154,2,227,2,3E849CB7C8FD41AE,1770,0,13,19/05/2022,113.5,0,0,6.5
game_matchFishLeaderboard3,154,2,33,2,CC08F1B18A0DFFA1,4300,0,11,19/05/2022,16.5,0,0,5.5
game_matchFishLeaderboard3,154,1,34,1,D0CC18B0678FC380,1620,0,11,19/05/2022,34.0,0,0,11.0
game_matchFishLeaderboard3,154,2,25,2,582FA6A2379D8E0A,2650,0,10,19/05/2022,12.5,0,0,5.0
game_matchFishLeaderboard3,154,4,138,4,711ABD5D3A29BEC0,2150,0,10,19/05/2022,34.5,0,0,2.5
game_matchFishLeaderboard3,154,4,47,4,BC280B6F90490097,4150,0,8,19/05/2022,11.75,0,0,2.0
game_matchFishLeaderboard3,154,2,22,2,78B0508A367494BF,2350,0,7,19/05/2022,11.0,0,0,3.5
game_matchFishLeaderboard3,154,1,18,1,9AB14C207F1B4218,2350,0,7,19/05/2022,18.0,0,0,7.0
game_matchFishLeaderboard3,154,1,16,1,7A17F23C82B06971,2350,0,6,19/05/2022,16.0,0,0,6.0
game_matchFishLeaderboard3,154,1,21,1,3FAEB63E8DD3D464,1800,0,6,19/05/2022,21.0,0,0,6.0
game_matchFishLeaderboard3,154,2,23,2,4CF34605DE00AFF0,1750,0,6,19/05/2022,11.5,0,0,3.0
game_matchFishLeaderboard3,154,2,41,2,52B418601F368282,2250,0,5,19/05/2022,20.5,0,0,2.5
game_matchFishLeaderboard3,154,1,12,1,9996B030AAF15E04,1650,0,5,19/05/2022,12.0,0,0,5.0
game_matchFishLeaderboard3,154,1,14,1,772E060B4A4464E8,1600,0,4,19/05/2022,14.0,0,0,4.0
game_matchFishLeaderboard3,154,1,14,1,AABF03A3727592BC,1350,0,4,19/05/2022,14.0,0,0,4.0
game_matchFishLeaderboard3,154,1,12,1,A80A1BD40C29254F,1500,0,3,19/05/2022,12.0,0,0,3.0
game_matchFishLeaderboard3,154,1,12,1,2BF0CA61759BFABB,1350,0,3,19/05/2022,12.0,0,0,3.0
game_matchFishLeaderboard3,154,1,490,1,F22A9B1436BB56F9,540,0,3,19/05/2022,490.0,0,0,3.0
game_matchFishLeaderboard3,154,3,27,3,A908F1A8D4CD6C02,750,0,1,19/05/2022,9.0,0,0,0.33
game_matchFishLeaderboard3,154,3,38,3,D23C3C8C44821BCE,250,0,1,19/05/2022,12.67,0,0,0.33
game_matchFishLeaderboard3,154,3,22,3,C225F87A264EFB8F,750,0,0,19/05/2022,7.33,0,0,0.0
game_matchFishLeaderboard3,154,1,8,1,33718BF92AC9E12,450,0,0,19/05/2022,8.0,0,0,0.0
game_matchFishLeaderboard3,154,3,51,3,F6C0C15D92E8C4E0,450,0,0,19/05/2022,17.0,0,0,0.0
game_matchFishLeaderboard3,154,1,21,1,18B1757B5A05B170,0,0,0,19/05/2022,21.0,0,0,0.0
game_matchFishLeaderboard3,154,1,9,1,41274488A6850652,0,0,0,19/05/2022,9.0,0,0,0.0
game_matchFishLeaderboard3,154,1,1,1,508600AD06ED3786,0,0,0,19/05/2022,1.0,0,0,0.0
game_matchFishLeaderboard3,154,1,9,1,5E7BB50128067472,0,0,0,19/05/2022,9.0,0,0,0.0
game_matchFishLeaderboard3,154,1,8,1,71F2C4A2B523AC78,0,0,0,19/05/2022,8.0,0,0,0.0
game_matchFishLeaderboard3,154,1,7,1,BD3C4E93328F2163,0,0,0,19/05/2022,7.0,0,0,0.0
game_matchFishLeaderboard3,154,1,9,1,CA7A543A81C4DCC6,0,0,0,19/05/2022,9.0,0,0,0.0
game_matchFishLeaderboard3,154,2,15,2,DB20BB9349E24721,0,0,0,19/05/2022,7.5,0,0,0.0
game_matchFishLeaderboard3,154,1,19,1,DD3E368780681DF1,0,0,0,19/05/2022,19.0,0,0,0.0
game_matchFishLeaderboard3,154,1,7,1,E16D131C8821282B,0,0,0,19/05/2022,7.0,0,0,0.0
game_matchFishLeaderboard3,154,1,12,1,E95EAD75612C180,0,0,0,19/05/2022,12.0,0,0,0.0
